id,name
maya,Maya
c0,Customer 0
c1,Customer 1
c2,Customer 2
c3,Customer 3
c4,Customer 4
c5,Customer 5
c6,Customer 6
c7,Customer 7
c8,Customer 8
c9,Customer 9
c10,Customer 10
c11,Customer 11
c12,Customer 12
c13,Customer 13
c14,Customer 14
c15,Customer 15
c16,Customer 16
c17,Customer 17
c18,Customer 18
c19,Customer 19
c20,Customer 20
c21,Customer 21
c22,Customer 22
c23,Customer 23
c24,Customer 24
c25,Customer 25
c26,Customer 26
c27,Customer 27
c28,Customer 28
c29,Customer 29
c30,Customer 30
c31,Customer 31
c32,Customer 32
c33,Customer 33
c34,Customer 34
c35,Customer 35
c36,Customer 36
c90,Customer 90
c91,Customer 91
c92,Customer 92
